{
	"IcoMoonType": "selection",
	"icons": [
		{
			"icon": {
				"paths": [
					"M0 768l256-256 512 512 256-256-512-512 255.998-256h-767.998z"
				],
				"tags": [
					"arrow-up-left",
					"up",
					"left",
					"arrow",
					"top left",
					"up left"
				],
				"grid": 16
			},
			"properties": {
				"id": 287,
				"order": 494,
				"prevSize": 32,
				"code": 58880,
				"name": "arrow-up-left",
				"ligatures": ""
			},
			"setIdx": 1,
			"iconIdx": 287
		},
		{
			"icon": {
				"paths": [
					"M512.002 0l-512.002 512h320v511.998l384 0.002v-512h320z"
				],
				"tags": [
					"arrow-up",
					"upload",
					"top"
				],
				"grid": 16
			},
			"properties": {
				"id": 288,
				"order": 495,
				"prevSize": 32,
				"code": 58881,
				"name": "arrow-up",
				"ligatures": ""
			},
			"setIdx": 1,
			"iconIdx": 288
		},
		{
			"icon": {
				"paths": [
					"M256 0l256.002 256-512.002 512 256 256 512-512 256 255.998v-767.998z"
				],
				"tags": [
					"arrow-up-right",
					"up",
					"right",
					"arrow",
					"top right",
					"up right"
				],
				"grid": 16
			},
			"properties": {
				"id": 289,
				"order": 496,
				"prevSize": 32,
				"code": 58882,
				"name": "arrow-up-right",
				"ligatures": ""
			},
			"setIdx": 1,
			"iconIdx": 289
		},
		{
			"icon": {
				"paths": [
					"M1024 512l-512-512v320h-511.998l-0.002 384h512v320z"
				],
				"tags": [
					"arrow-right",
					"right",
					"next"
				],
				"grid": 16
			},
			"properties": {
				"id": 290,
				"order": 497,
				"prevSize": 32,
				"code": 58883,
				"name": "arrow-right",
				"ligatures": ""
			},
			"setIdx": 1,
			"iconIdx": 290
		},
		{
			"icon": {
				"paths": [
					"M1024 256l-256 256-512-512-256 256 512.002 512-256 256h767.998z"
				],
				"tags": [
					"arrow-down-right",
					"down",
					"right",
					"arrow",
					"bottom right",
					"down right"
				],
				"grid": 16
			},
			"properties": {
				"id": 291,
				"order": 498,
				"prevSize": 32,
				"code": 58884,
				"name": "arrow-down-right",
				"ligatures": ""
			},
			"setIdx": 1,
			"iconIdx": 291
		},
		{
			"icon": {
				"paths": [
					"M512 1024l512-512h-320v-511.998l-384-0.002v512h-320z"
				],
				"tags": [
					"arrow-down",
					"download",
					"bottom"
				],
				"grid": 16
			},
			"properties": {
				"id": 292,
				"order": 499,
				"prevSize": 32,
				"code": 58885,
				"name": "arrow-down",
				"ligatures": ""
			},
			"setIdx": 1,
			"iconIdx": 292
		},
		{
			"icon": {
				"paths": [
					"M768 1024l-256-256 512-512-256-256-512 512.002-256-256v767.998z"
				],
				"tags": [
					"arrow-down-left",
					"down",
					"left",
					"arrow",
					"bottom left",
					"down left"
				],
				"grid": 16
			},
			"properties": {
				"id": 293,
				"order": 500,
				"prevSize": 32,
				"code": 58886,
				"name": "arrow-down-left",
				"ligatures": ""
			},
			"setIdx": 1,
			"iconIdx": 293
		},
		{
			"icon": {
				"paths": [
					"M0 512l512 512v-320h511.998l0.002-384h-512v-320z"
				],
				"tags": [
					"arrow-left",
					"left",
					"previous"
				],
				"grid": 16
			},
			"properties": {
				"id": 294,
				"order": 501,
				"prevSize": 32,
				"code": 58887,
				"name": "arrow-left",
				"ligatures": ""
			},
			"setIdx": 1,
			"iconIdx": 294
		},
		{
			"icon": {
				"paths": [
					"M128 576c0 35.348 28.654 64 64 64s64-28.652 64-64v-229.492l530.746 530.748c24.992 24.992 65.516 24.992 90.508 0 12.498-12.498 18.746-28.878 18.746-45.256s-6.248-32.758-18.746-45.254l-530.746-530.746h229.492c35.346 0 64-28.654 64-64s-28.654-64-64-64h-448v448z"
				],
				"tags": [
					"arrow-up-left",
					"up",
					"left",
					"arrow",
					"top left",
					"up left"
				],
				"grid": 16
			},
			"properties": {
				"id": 295,
				"order": 502,
				"prevSize": 32,
				"code": 58888,
				"name": "arrow-up-left2",
				"ligatures": ""
			},
			"setIdx": 1,
			"iconIdx": 295
		},
		{
			"icon": {
				"paths": [
					"M877.254 402.746l-320-320c-24.992-24.994-65.514-24.994-90.508 0l-320 320c-24.994 24.994-24.994 65.516 0 90.51 24.994 24.996 65.516 24.996 90.51 0l210.744-210.746v613.49c0 35.346 28.654 64 64 64s64-28.654 64-64v-613.49l210.746 210.746c12.496 12.496 28.876 18.744 45.254 18.744s32.758-6.248 45.254-18.746c24.994-24.994 24.994-65.514 0-90.508z"
				],
				"tags": [
					"arrow-up",
					"upload",
					"top"
				],
				"grid": 16
			},
			"properties": {
				"id": 296,
				"order": 503,
				"prevSize": 32,
				"code": 58889,
				"name": "arrow-up2",
				"ligatures": ""
			},
			"setIdx": 1,
			"iconIdx": 296
		},
		{
			"icon": {
				"paths": [
					"M832.020 128c-0.012 0-0.028 0-0.040 0h-383.98c-35.346 0-64 28.654-64 64s28.654 64 64 64h229.492l-530.746 530.746c-24.994 24.992-24.994 65.516 0 90.508 12.496 12.498 28.876 18.746 45.254 18.746s32.758-6.248 45.254-18.746l530.746-530.746v229.492c0 35.346 28.654 64 64 64s64-28.654 64-64v-448h-63.98z"
				],
				"tags": [
					"arrow-up-right",
					"up",
					"right",
					"arrow",
					"top right",
					"up right"
				],
				"grid": 16
			},
			"properties": {
				"id": 297,
				"order": 504,
				"prevSize": 32,
				"code": 58890,
				"name": "arrow-up-right2",
				"ligatures": ""
			},
			"setIdx": 1,
			"iconIdx": 297
		},
		{
			"icon": {
				"paths": [
					"M621.254 877.254l320-320c24.994-24.992 24.994-65.516 0-90.51l-320-320c-24.994-24.992-65.516-24.992-90.51 0-24.994 24.994-24.994 65.516 0 90.51l210.746 210.746h-613.49c-35.346 0-64 28.654-64 64s28.654 64 64 64h613.49l-210.746 210.746c-12.496 12.496-18.744 28.876-18.744 45.254s6.248 32.758 18.744 45.254c24.994 24.994 65.516 24.994 90.51 0z"
				],
				"tags": [
					"arrow-right",
					"right",
					"next"
				],
				"grid": 16
			},
			"properties": {
				"id": 298,
				"order": 505,
				"prevSize": 32,
				"code": 58891,
				"name": "arrow-right2",
				"ligatures": ""
			},
			"setIdx": 1,
			"iconIdx": 298
		},
		{
			"icon": {
				"paths": [
					"M896 448c0-35.348-28.652-64-64-64-35.346 0-64 28.652-64 64v229.492l-530.746-530.748c-24.992-24.992-65.516-24.992-90.508 0-12.498 12.498-18.746 28.878-18.746 45.256s6.248 32.758 18.746 45.254l530.746 530.746h-229.492c-35.346 0-64 28.654-64 64s28.654 64 64 64h448v-448z"
				],
				"tags": [
					"arrow-down-right",
					"down",
					"right",
					"arrow",
					"bottom right",
					"down right"
				],
				"grid": 16
			},
			"properties": {
				"id": 299,
				"order": 506,
				"prevSize": 32,
				"code": 58892,
				"name": "arrow-down-right2",
				"ligatures": ""
			},
			"setIdx": 1,
			"iconIdx": 299
		},
		{
			"icon": {
				"paths": [
					"M146.746 621.254l320 320c24.992 24.994 65.516 24.994 90.51 0l320-320c24.992-24.994 24.992-65.516 0-90.51-24.994-24.994-65.516-24.994-90.51 0l-210.746 210.746v-613.49c0-35.346-28.654-64-64-64s-64 28.654-64 64v613.49l-210.746-210.746c-12.496-12.496-28.876-18.744-45.254-18.744s-32.758 6.248-45.254 18.744c-24.994 24.994-24.994 65.516 0 90.51z"
				],
				"tags": [
					"arrow-down",
					"download",
					"bottom"
				],
				"grid": 16
			},
			"properties": {
				"id": 300,
				"order": 507,
				"prevSize": 32,
				"code": 58893,
				"name": "arrow-down2",
				"ligatures": ""
			},
			"setIdx": 1,
			"iconIdx": 300
		},
		{
			"icon": {
				"paths": [
					"M576 896c35.348 0 64-28.652 64-64 0-35.346-28.652-64-64-64h-229.492l530.748-530.746c24.992-24.992 24.992-65.516 0-90.508-12.498-12.498-28.878-18.746-45.256-18.746s-32.758 6.248-45.254 18.746l-530.746 530.746v-229.492c0-35.346-28.654-64-64-64s-64 28.654-64 64v448h448z"
				],
				"tags": [
					"arrow-down-left",
					"down",
					"left",
					"arrow",
					"bottom left",
					"down left"
				],
				"grid": 16
			},
			"properties": {
				"id": 301,
				"order": 508,
				"prevSize": 32,
				"code": 58894,
				"name": "arrow-down-left2",
				"ligatures": ""
			},
			"setIdx": 1,
			"iconIdx": 301
		},
		{
			"icon": {
				"paths": [
					"M402.746 146.746l-320 320c-24.994 24.992-24.994 65.516 0 90.508l320 320c24.994 24.992 65.516 24.992 90.51 0 24.996-24.992 24.996-65.516 0-90.508l-210.748-210.746h613.492c35.346 0 64-28.652 64-64 0-35.346-28.654-64-64-64h-613.492l210.746-210.746c12.496-12.496 18.746-28.876 18.746-45.254s-6.248-32.758-18.744-45.254c-24.996-24.994-65.516-24.994-90.51 0z"
				],
				"tags": [
					"arrow-left",
					"left",
					"previous"
				],
				"grid": 16
			},
			"properties": {
				"id": 302,
				"order": 509,
				"prevSize": 32,
				"code": 58895,
				"name": "arrow-left2",
				"ligatures": ""
			},
			"setIdx": 1,
			"iconIdx": 302
		}
	],
	"height": 1024,
	"metadata": {
		"name": "icomoon"
	},
	"preferences": {
		"fontPref": {
			"prefix": "icon-",
			"metadata": {
				"fontFamily": "icomoon",
				"majorVersion": 1,
				"minorVersion": 0
			},
			"showGlyphs": true,
			"metrics": {
				"emSize": 512,
				"baseline": 6.25,
				"whitespace": 50
			},
			"resetPoint": 58880,
			"showQuickUse": true,
			"quickUsageToken": false,
			"showMetrics": true,
			"showMetadata": false,
			"showVersion": false,
			"ie7": true
		},
		"imagePref": {
			"color": 0,
			"height": 32,
			"columns": 16,
			"margin": 16,
			"png": false,
			"sprites": true
		},
		"historySize": 100,
		"showCodes": true,
		"gridSize": 16,
		"showLiga": false,
		"showGrid": true,
		"showGlyphs": true,
		"showQuickUse": true,
		"search": ""
	}
}